"ID","Genotype","Year","Conditions"
1,"MO45",2018,"Greenhouse"
2,"NC358",2018,"Greenhouse"
3,"CI90C",2018,"Greenhouse"
4,"YU796-NS",2018,"Greenhouse"
5,"KI11",2018,"Greenhouse"
6,"NC312",2018,"Greenhouse"
7,"T234",2018,"Greenhouse"
8,"NC306",2018,"Greenhouse"
9,"NC346",2018,"Greenhouse"
10,"CML323",2018,"Greenhouse"
11,"CML254",2018,"Greenhouse"
12,"PA880",2018,"Greenhouse"
13,"N192",2018,"Greenhouse"
14,"VAW6",2018,"Greenhouse"
15,"F2834T",2018,"Greenhouse"
16,"Z08-009",2018,"Greenhouse"
17,"C49A",2018,"Greenhouse"
18,"NC318",2018,"Greenhouse"
19,"B46",2018,"Greenhouse"
20,"W64A",2018,"Greenhouse"
21,"CML92",2018,"Greenhouse"
22,"B97",2018,"Greenhouse"
23,"OAXACA49",2018,"Greenhouse"
24,"CML5",2018,"Greenhouse"
25,"PA762",2018,"Greenhouse"
26,"CI66",2018,"Greenhouse"
27,"TZI25",2018,"Greenhouse"
28,"NC33",2018,"Greenhouse"
29,"NC330",2018,"Greenhouse"
30,"H95",2018,"Greenhouse"
31,"B84",2018,"Greenhouse"
32,"NC354",2018,"Greenhouse"
33,"AGUASCALIENTES16",2018,"Greenhouse"
34,"NC348",2018,"Greenhouse"
35,"MORELOS3",2018,"Greenhouse"
36,"A619",2018,"Greenhouse"
37,"H84",2018,"Greenhouse"
38,"KY228",2018,"Greenhouse"
39,"K64",2018,"Greenhouse"
40,"IA-36",2018,"Greenhouse"
41,"CML14",2018,"Greenhouse"
42,"A239",2018,"Greenhouse"
43,"CO106",2018,"Greenhouse"
44,"W22",2018,"Greenhouse"
45,"N28HT",2018,"Greenhouse"
46,"VA85",2018,"Greenhouse"
47,"C123",2018,"Greenhouse"
48,"A556",2018,"Greenhouse"
49,"A635",2018,"Greenhouse"
50,"B109",2018,"Greenhouse"
51,"MT42",2018,"Greenhouse"
52,"TIAXCALA273",2018,"Greenhouse"
53,"R229",2018,"Greenhouse"
54,"NC290A",2018,"Greenhouse"
55,"NAYARIT35",2018,"Greenhouse"
56,"SC357",2018,"Greenhouse"
57,"OH43E",2018,"Greenhouse"
58,"B52",2018,"Greenhouse"
59,"B64",2018,"Greenhouse"
60,"A188",2018,"Greenhouse"
61,"C49",2018,"Greenhouse"
62,"CML277",2018,"Greenhouse"
63,"NC310",2018,"Greenhouse"
64,"4722",2018,"Greenhouse"
65,"CM37",2018,"Greenhouse"
66,"W401",2018,"Greenhouse"
67,"M14",2018,"Greenhouse"
68,"W182B",2018,"Greenhouse"
69,"CML61",2018,"Greenhouse"
70,"CML220",2018,"Greenhouse"
71,"CML108",2018,"Greenhouse"
72,"CM7",2018,"Greenhouse"
73,"MEF156-55-2",2018,"Greenhouse"
74,"NC296",2018,"Greenhouse"
75,"A680",2018,"Greenhouse"
76,"A632",2018,"Greenhouse"
77,"M37W",2018,"Greenhouse"
78,"VA99",2018,"Greenhouse"
79,"CO109",2018,"Greenhouse"
80,"OH7B",2018,"Greenhouse"
81,"W153R",2018,"Greenhouse"
82,"BMW POPCORN",2018,"Greenhouse"
83,"T232",2018,"Greenhouse"
84,"NC262",2018,"Greenhouse"
85,"NC230",2018,"Greenhouse"
86,"B105",2018,"Greenhouse"
87,"VA35",2018,"Greenhouse"
88,"4226",2018,"Greenhouse"
89,"CML52",2018,"Greenhouse"
90,"MO47",2018,"Greenhouse"
91,"NC268",2018,"Greenhouse"
92,"NC302",2018,"Greenhouse"
93,"SAN LUIS POTOSI 56",2018,"Greenhouse"
94,"NC364",2018,"Greenhouse"
95,"TZI8",2018,"Greenhouse"
96,"NC336",2018,"Greenhouse"
97,"ND246",2018,"Greenhouse"
98,"CH701-30",2018,"Greenhouse"
99,"CAMPECHE68A",2018,"Greenhouse"
100,"GT112",2018,"Greenhouse"
101,"NC320",2018,"Greenhouse"
102,"N6",2018,"Greenhouse"
103,"CO255",2018,"Greenhouse"
104,"VA59",2018,"Greenhouse"
105,"A682",2018,"Greenhouse"
106,"A654",2018,"Greenhouse"
107,"NC370",2018,"Greenhouse"
108,"NC324",2018,"Greenhouse"
109,"DE811",2018,"Greenhouse"
110,"A554",2018,"Greenhouse"
111,"A634",2018,"Greenhouse"
112,"CML261",2018,"Greenhouse"
113,"DE1",2018,"Greenhouse"
114,"OS420",2018,"Greenhouse"
115,"A214N",2018,"Greenhouse"
116,"OH43",2018,"Greenhouse"
117,"EP1",2018,"Greenhouse"
118,"B68",2018,"Greenhouse"
119,"CML258",2018,"Greenhouse"
120,"SD44",2018,"Greenhouse"
121,"I137TN",2018,"Greenhouse"
122,"T8",2018,"Greenhouse"
123,"MS1334",2018,"Greenhouse"
124,"NC340",2018,"Greenhouse"
125,"M162W",2018,"Greenhouse"
126,"CML341",2018,"Greenhouse"
127,"B76",2018,"Greenhouse"
128,"B79",2018,"Greenhouse"
129,"CML69",2018,"Greenhouse"
130,"NC338",2018,"Greenhouse"
131,"NC292",2018,"Greenhouse"
132,"TX601",2018,"Greenhouse"
133,"NC264",2018,"Greenhouse"
134,"HP301",2018,"Greenhouse"
135,"MS71",2018,"Greenhouse"
136,"R168",2018,"Greenhouse"
137,"CI3A",2018,"Greenhouse"
138,"NC326",2018,"Greenhouse"
139,"NC360",2018,"Greenhouse"
140,"NC372",2018,"Greenhouse"
141,"CMV3",2018,"Greenhouse"
142,"A659",2018,"Greenhouse"
143,"M046",2018,"Greenhouse"
144,"NC362",2018,"Greenhouse"
146,"A554",2018,"Low_Nitrogen"
148,"A634",2018,"Low_Nitrogen"
149,"A654",2018,"Low_Nitrogen"
150,"A654",2018,"Low_Nitrogen"
151,"A654",2018,"Low_Nitrogen"
152,"A654",2018,"Low_Nitrogen"
169,"B64",2018,"Low_Nitrogen"
172,"B75",2018,"Low_Nitrogen"
173,"A188",2018,"Low_Nitrogen"
175,"LH183",2018,"Low_Nitrogen"
177,"C49A",2018,"Low_Nitrogen"
180,"N192",2018,"Low_Nitrogen"
182,"Mt42",2018,"Low_Nitrogen"
184,"CMV3",2018,"Low_Nitrogen"
185,"Mo47",2018,"Low_Nitrogen"
188,"B37xMo17",2018,"Low_Nitrogen"
190,"ICI 986",2018,"Low_Nitrogen"
192,"2MCDB",2018,"Low_Nitrogen"
194,"CM174",2018,"Low_Nitrogen"
195,"Va35",2018,"Low_Nitrogen"
197,"MM402A",2018,"Low_Nitrogen"
200,"NC292",2018,"Low_Nitrogen"
201,"B37xMo17",2018,"Low_Nitrogen"
203,"VaW6",2018,"Low_Nitrogen"
206,"Oh43",2018,"Low_Nitrogen"
208,"W153R",2018,"Low_Nitrogen"
210,"Va59",2018,"Low_Nitrogen"
211,"CML254",2018,"Low_Nitrogen"
214,"CML14",2018,"Low_Nitrogen"
215,"B37xMo17",2018,"Low_Nitrogen"
218,"CML333",2018,"Low_Nitrogen"
220,"A214N",2018,"Low_Nitrogen"
222,"CML314",2018,"Low_Nitrogen"
224,"CML341",2018,"Low_Nitrogen"
225,"D940Y",2018,"Low_Nitrogen"
228,"GT112",2018,"Low_Nitrogen"
229,"CML91",2018,"Low_Nitrogen"
232,"CML69",2018,"Low_Nitrogen"
234,"PHW30",2018,"Low_Nitrogen"
236,"CML92",2018,"Low_Nitrogen"
237,"GA209",2018,"Low_Nitrogen"
240,"Mo.G",2018,"Low_Nitrogen"
242,"91IFC2",2018,"Low_Nitrogen"
244,"Mo1W",2018,"Low_Nitrogen"
245,"Tzi25",2018,"Low_Nitrogen"
247,"NC268",2018,"Low_Nitrogen"
249,"Ky228",2018,"Low_Nitrogen"
251,"LH172",2018,"Low_Nitrogen"
254,"Tzi9",2018,"Low_Nitrogen"
255,"A635",2018,"Low_Nitrogen"
256,"A661",2018,"Low_Nitrogen"
257,"B37xMo17",2018,"Low_Nitrogen"
258,"CH9",2018,"Low_Nitrogen"
259,"A556",2018,"Low_Nitrogen"
260,"A659",2018,"Low_Nitrogen"
261,"MM501D",2018,"Low_Nitrogen"
262,"A239",2018,"Low_Nitrogen"
263,"LH159",2018,"Low_Nitrogen"
264,"EP1",2018,"Low_Nitrogen"
265,"MEF156-55-2",2018,"Low_Nitrogen"
266,"MS1334",2018,"Low_Nitrogen"
267,"CM105",2018,"Low_Nitrogen"
268,"CM37",2018,"Low_Nitrogen"
269,"M14",2018,"Low_Nitrogen"
270,"CM7",2018,"Low_Nitrogen"
271,"R168",2018,"Low_Nitrogen"
272,"NC308",2018,"Low_Nitrogen"
273,"ND246",2018,"Low_Nitrogen"
274,"PHK42",2018,"Low_Nitrogen"
275,"B73xMo17",2018,"Low_Nitrogen"
276,"SD44",2018,"Low_Nitrogen"
277,"Yu796_NS",2018,"Low_Nitrogen"
278,"NC330",2018,"Low_Nitrogen"
279,"CML108",2018,"Low_Nitrogen"
280,"PHT11",2018,"Low_Nitrogen"
281,"CML10",2018,"Low_Nitrogen"
282,"38-11",2018,"Low_Nitrogen"
283,"CML261",2018,"Low_Nitrogen"
284,"CML277",2018,"Low_Nitrogen"
285,"CML228",2018,"Low_Nitrogen"
286,"CML158Q",2018,"Low_Nitrogen"
287,"B73xMo17",2018,"Low_Nitrogen"
288,"B37xMo17",2018,"Low_Nitrogen"
289,"CML61",2018,"Low_Nitrogen"
290,"NC222",2018,"Low_Nitrogen"
291,"NC296",2018,"Low_Nitrogen"
292,"NC320",2018,"Low_Nitrogen"
293,"K4",2018,"Low_Nitrogen"
294,"K64",2018,"Low_Nitrogen"
295,"Ms71",2018,"Low_Nitrogen"
296,"NC366",2018,"Low_Nitrogen"
297,"Tzi11",2018,"Low_Nitrogen"
298,"B37xMo17",2018,"Low_Nitrogen"
299,"Pa91",2018,"Low_Nitrogen"
300,"NC340",2018,"Low_Nitrogen"
301,"SC55",2018,"Low_Nitrogen"
302,"MBPM",2018,"Low_Nitrogen"
303,"A619",2018,"Low_Nitrogen"
304,"A682",2018,"Low_Nitrogen"
305,"LH191",2018,"Low_Nitrogen"
306,"A632",2018,"Low_Nitrogen"
307,"B103",2018,"Low_Nitrogen"
308,"B76",2018,"Low_Nitrogen"
309,"C123",2018,"Low_Nitrogen"
310,"B73xMo17",2018,"Low_Nitrogen"
311,"MS153",2018,"Low_Nitrogen"
312,"H99",2018,"Low_Nitrogen"
313,"B73xMo17",2018,"Low_Nitrogen"
314,"CO125",2018,"Low_Nitrogen"
315,"CO255",2018,"Low_Nitrogen"
316,"H105W",2018,"Low_Nitrogen"
317,"F7",2018,"Low_Nitrogen"
318,"CO106",2018,"Low_Nitrogen"
319,"2FADB",2018,"Low_Nitrogen"
320,"NC262",2018,"Low_Nitrogen"
321,"Oh43E",2018,"Low_Nitrogen"
322,"W182B",2018,"Low_Nitrogen"
323,"NC312",2018,"Low_Nitrogen"
324,"NC332",2018,"Low_Nitrogen"
325,"N6",2018,"Low_Nitrogen"
326,"NC316",2018,"Low_Nitrogen"
327,"CML311",2018,"Low_Nitrogen"
328,"CML321",2018,"Low_Nitrogen"
329,"PHVJ4",2018,"Low_Nitrogen"
330,"CML218",2018,"Low_Nitrogen"
331,"CML258",2018,"Low_Nitrogen"
332,"2FACC",2018,"Low_Nitrogen"
333,"MQ305",2018,"Low_Nitrogen"
334,"F6",2018,"Low_Nitrogen"
335,"PHR31",2018,"Low_Nitrogen"
336,"E2558W",2018,"Low_Nitrogen"
337,"NC33",2018,"Low_Nitrogen"
338,"Mo24W",2018,"Low_Nitrogen"
339,"CML52",2018,"Low_Nitrogen"
340,"F44",2018,"Low_Nitrogen"
341,"Tzi10",2018,"Low_Nitrogen"
342,"B73xMo17",2018,"Low_Nitrogen"
343,"T232",2018,"Low_Nitrogen"
344,"Tzi8",2018,"Low_Nitrogen"
345,"Tx601",2018,"Low_Nitrogen"
346,"Tzi18",2018,"Low_Nitrogen"
347,"NC346",2018,"Low_Nitrogen"
348,"Ill.Hy",2018,"Low_Nitrogen"
349,"B68",2018,"Low_Nitrogen"
350,"B109",2018,"Low_Nitrogen"
351,"B73",2018,"Low_Nitrogen"
352,"B164",2018,"Low_Nitrogen"
353,"B73Htrhm",2018,"Low_Nitrogen"
354,"CI3A",2018,"Low_Nitrogen"
355,"4722",2018,"Low_Nitrogen"
356,"B73xMo17",2018,"Low_Nitrogen"
357,"DE811",2018,"Low_Nitrogen"
358,"NC260",2018,"Low_Nitrogen"
359,"NC344",2018,"Low_Nitrogen"
360,"M37W",2018,"Low_Nitrogen"
361,"L317",2018,"Low_Nitrogen"
362,"3IIH6",2018,"Low_Nitrogen"
363,"NC310",2018,"Low_Nitrogen"
364,"B37xMo17",2018,"Low_Nitrogen"
365,"T8",2018,"Low_Nitrogen"
366,"F2",2018,"Low_Nitrogen"
367,"C49",2018,"Low_Nitrogen"
368,"R229",2018,"Low_Nitrogen"
369,"Os420",2018,"Low_Nitrogen"
370,"SD40",2018,"Low_Nitrogen"
371,"H100",2018,"Low_Nitrogen"
372,"L 139",2018,"Low_Nitrogen"
373,"B73xMo17",2018,"Low_Nitrogen"
374,"CML220",2018,"Low_Nitrogen"
375,"Il677a",2018,"Low_Nitrogen"
376,"B79",2018,"Low_Nitrogen"
377,"F2834T",2018,"Low_Nitrogen"
378,"C103",2018,"Low_Nitrogen"
379,"H95",2018,"Low_Nitrogen"
380,"B57",2018,"Low_Nitrogen"
381,"NC290A",2018,"Low_Nitrogen"
382,"B37xMo17",2018,"Low_Nitrogen"
383,"NC336",2018,"Low_Nitrogen"
384,"Mo46",2018,"Low_Nitrogen"
385,"B73xMo17",2018,"Low_Nitrogen"
386,"Mp339",2018,"Low_Nitrogen"
387,"NC238",2018,"Low_Nitrogen"
388,"M162W",2018,"Low_Nitrogen"
389,"W401",2018,"Low_Nitrogen"
390,"B37xMo17",2018,"Low_Nitrogen"
391,"NC360",2018,"Low_Nitrogen"
392,"W22",2018,"Low_Nitrogen"
393,"ICI 740",2018,"Low_Nitrogen"
394,"W64A",2018,"Low_Nitrogen"
395,"NC356",2018,"Low_Nitrogen"
396,"Va85",2018,"Low_Nitrogen"
397,"A679",2018,"Low_Nitrogen"
398,"8M129",2018,"Low_Nitrogen"
399,"A680",2018,"Low_Nitrogen"
400,"B37",2018,"Low_Nitrogen"
401,"B52",2018,"Low_Nitrogen"
402,"LH210",2018,"Low_Nitrogen"
403,"4226",2018,"Low_Nitrogen"
404,"B97",2018,"Low_Nitrogen"
405,"B73xMo17",2018,"Low_Nitrogen"
406,"NC294",2018,"Low_Nitrogen"
407,"NC342",2018,"Low_Nitrogen"
408,"NC326",2018,"Low_Nitrogen"
409,"Mo45",2018,"Low_Nitrogen"
410,"LH223",2018,"Low_Nitrogen"
411,"NC306",2018,"Low_Nitrogen"
412,"CML103",2018,"Low_Nitrogen"
413,"B73xMo17",2018,"Low_Nitrogen"
414,"Va26",2018,"Low_Nitrogen"
415,"NC368",2018,"Low_Nitrogen"
416,"Oh40B",2018,"Low_Nitrogen"
417,"L 155",2018,"Low_Nitrogen"
418,"Va22",2018,"Low_Nitrogen"
419,"CO109",2018,"Low_Nitrogen"
420,"B37xMo17",2018,"Low_Nitrogen"
421,"CML238",2018,"Low_Nitrogen"
422,"LH217",2018,"Low_Nitrogen"
423,"HP301",2018,"Low_Nitrogen"
424,"A441-5",2018,"Low_Nitrogen"
425,"MM_roothairless",2018,"Low_Nitrogen"
426,"I137TN",2018,"Low_Nitrogen"
427,"B105",2018,"Low_Nitrogen"
428,"CML323",2018,"Low_Nitrogen"
429,"PHR61",2018,"Low_Nitrogen"
430,"LH167",2018,"Low_Nitrogen"
431,"NC302",2018,"Low_Nitrogen"
432,"LH184",2018,"Low_Nitrogen"
433,"NC298",2018,"Low_Nitrogen"
434,"NC350",2018,"Low_Nitrogen"
435,"K55",2018,"Low_Nitrogen"
436,"NC250",2018,"Low_Nitrogen"
437,"3IJI1",2018,"Low_Nitrogen"
438,"NC370",2018,"Low_Nitrogen"
439,"B73xMo17",2018,"Low_Nitrogen"
440,"T234",2018,"Low_Nitrogen"
441,"NC372",2018,"Low_Nitrogen"
442,"NC352",2018,"Low_Nitrogen"
443,"Va102",2018,"Low_Nitrogen"
444,"Pa762",2018,"Low_Nitrogen"
445,"B14A",2018,"Low_Nitrogen"
446,"CI64",2018,"Low_Nitrogen"
447,"B46",2018,"Low_Nitrogen"
448,"B84",2018,"Low_Nitrogen"
449,"B77",2018,"Low_Nitrogen"
450,"B37xMo17",2018,"Low_Nitrogen"
451,"CH701-30",2018,"Low_Nitrogen"
452,"PHAW6",2018,"Low_Nitrogen"
453,"NC348",2018,"Low_Nitrogen"
454,"Il14H",2018,"Low_Nitrogen"
455,"PHW51",2018,"Low_Nitrogen"
456,"NC258",2018,"Low_Nitrogen"
457,"Mo17",2018,"Low_Nitrogen"
458,"Mo44",2018,"Low_Nitrogen"
459,"H91",2018,"Low_Nitrogen"
460,"NC328",2018,"Low_Nitrogen"
461,"Va99",2018,"Low_Nitrogen"
462,"DE2",2018,"Low_Nitrogen"
463,"Pa880",2018,"Low_Nitrogen"
464,"LH166",2018,"Low_Nitrogen"
465,"R177",2018,"Low_Nitrogen"
466,"33-16",2018,"Low_Nitrogen"
467,"NC364",2018,"Low_Nitrogen"
468,"Wf9",2018,"Low_Nitrogen"
469,"H84",2018,"Low_Nitrogen"
470,"LH224",2018,"Low_Nitrogen"
471,"DE1",2018,"Low_Nitrogen"
472,"CI66",2018,"Low_Nitrogen"
473,"CML332",2018,"Low_Nitrogen"
474,"B37xMo17",2018,"Low_Nitrogen"
475,"B104",2018,"Low_Nitrogen"
476,"CI90C",2018,"Low_Nitrogen"
477,"OQ603",2018,"Low_Nitrogen"
478,"NC264",2018,"Low_Nitrogen"
479,"NC338",2018,"Low_Nitrogen"
480,"NC230",2018,"Low_Nitrogen"
481,"N28Ht",2018,"Low_Nitrogen"
482,"NC236",2018,"Low_Nitrogen"
483,"NC324",2018,"Low_Nitrogen"
484,"NC358",2018,"Low_Nitrogen"
485,"Pa875",2018,"Low_Nitrogen"
486,"NC334",2018,"Low_Nitrogen"
487,"NS501",2018,"Low_Nitrogen"
488,"NC362",2018,"Low_Nitrogen"
489,"Oh7B",2018,"Low_Nitrogen"
490,"SC357",2018,"Low_Nitrogen"
491,"LH181",2018,"High_Nitrogen"
492,"B37xMo17",2018,"High_Nitrogen"
493,"CML332",2018,"High_Nitrogen"
494,"CI66",2018,"High_Nitrogen"
495,"C103",2018,"High_Nitrogen"
496,"CI90C",2018,"High_Nitrogen"
497,"CML220",2018,"High_Nitrogen"
498,"B79",2018,"High_Nitrogen"
499,"764",2018,"High_Nitrogen"
500,"NC304",2018,"High_Nitrogen"
501,"NC264",2018,"High_Nitrogen"
502,"NC238",2018,"High_Nitrogen"
503,"Ki11",2018,"High_Nitrogen"
504,"NC290A",2018,"High_Nitrogen"
505,"NC230",2018,"High_Nitrogen"
506,"NC336",2018,"High_Nitrogen"
507,"NC354",2018,"High_Nitrogen"
508,"T234",2018,"High_Nitrogen"
509,"Va102",2018,"High_Nitrogen"
510,"29MIBZ2",2018,"High_Nitrogen"
511,"W401",2018,"High_Nitrogen"
512,"Oh603",2018,"High_Nitrogen"
513,"NC334",2018,"High_Nitrogen"
514,"CML287",2018,"High_Nitrogen"
515,"CML258",2018,"High_Nitrogen"
516,"CML321",2018,"High_Nitrogen"
517,"LH1",2018,"High_Nitrogen"
518,"CML261",2018,"High_Nitrogen"
519,"A214N",2018,"High_Nitrogen"
520,"CML158Q",2018,"High_Nitrogen"
521,"K64",2018,"High_Nitrogen"
522,"B73xMo17",2018,"High_Nitrogen"
523,"B7",2018,"High_Nitrogen"
524,"B45",2018,"High_Nitrogen"
525,"CML52",2018,"High_Nitrogen"
526,"NC33",2018,"High_Nitrogen"
527,"F44",2018,"High_Nitrogen"
528,"GT112",2018,"High_Nitrogen"
529,"T232",2018,"High_Nitrogen"
530,"Tzi9",2018,"High_Nitrogen"
531,"B37xMo17",2018,"High_Nitrogen"
532,"PHW17",2018,"High_Nitrogen"
533,"Tzi18",2018,"High_Nitrogen"
534,"Tx601",2018,"High_Nitrogen"
535,"Mo.G",2018,"High_Nitrogen"
536,"B88",2018,"High_Nitrogen"
537,"PHV63",2018,"High_Nitrogen"
538,"B104",2018,"High_Nitrogen"
539,"LH178",2018,"High_Nitrogen"
540,"HP301",2018,"High_Nitrogen"
541,"H95",2018,"High_Nitrogen"
542,"CML238",2018,"High_Nitrogen"
543,"Il677a",2018,"High_Nitrogen"
544,"DE1",2018,"High_Nitrogen"
545,"NC324",2018,"High_Nitrogen"
546,"M162W",2018,"High_Nitrogen"
547,"NC350",2018,"High_Nitrogen"
548,"B37xMo17",2018,"High_Nitrogen"
549,"NC298",2018,"High_Nitrogen"
550,"NC236",2018,"High_Nitrogen"
551,"NC338",2018,"High_Nitrogen"
552,"N28Ht",2018,"High_Nitrogen"
553,"Oh7B",2018,"High_Nitrogen"
554,"Pa875",2018,"High_Nitrogen"
555,"LH74",2018,"High_Nitrogen"
556,"NC362",2018,"High_Nitrogen"
557,"NC372",2018,"High_Nitrogen"
558,"NC360",2018,"High_Nitrogen"
559,"W22",2018,"High_Nitrogen"
560,"NC356",2018,"High_Nitrogen"
561,"B54",2018,"High_Nitrogen"
562,"CML333",2018,"High_Nitrogen"
563,"CML10",2018,"High_Nitrogen"
564,"CML314",2018,"High_Nitrogen"
565,"B73xMo17",2018,"High_Nitrogen"
566,"CML277",2018,"High_Nitrogen"
567,"CML311",2018,"High_Nitrogen"
568,"CML218",2018,"High_Nitrogen"
569,"Mo24W",2018,"High_Nitrogen"
570,"NC318",2018,"High_Nitrogen"
571,"D940Y",2018,"High_Nitrogen"
572,"F6",2018,"High_Nitrogen"
573,"ICI 441",2018,"High_Nitrogen"
574,"CML69",2018,"High_Nitrogen"
575,"NC296",2018,"High_Nitrogen"
576,"CML91",2018,"High_Nitrogen"
577,"ML606",2018,"High_Nitrogen"
578,"SC55",2018,"High_Nitrogen"
579,"Ill.Hy",2018,"High_Nitrogen"
580,"NC346",2018,"High_Nitrogen"
581,"Tzi11",2018,"High_Nitrogen"
582,"B73xMo17",2018,"High_Nitrogen"
583,"Tzi10",2018,"High_Nitrogen"
584,"Pa91",2018,"High_Nitrogen"
585,"A441-5",2018,"High_Nitrogen"
586,"B105",2018,"High_Nitrogen"
587,"H84",2018,"High_Nitrogen"
588,"F2834T",2018,"High_Nitrogen"
589,"B73xMo17",2018,"High_Nitrogen"
590,"CML323",2018,"High_Nitrogen"
591,"I137TN",2018,"High_Nitrogen"
592,"B57",2018,"High_Nitrogen"
593,"K55",2018,"High_Nitrogen"
594,"NC302",2018,"High_Nitrogen"
595,"NC250",2018,"High_Nitrogen"
596,"Mo46",2018,"High_Nitrogen"
597,"LH262",2018,"High_Nitrogen"
598,"N28",2018,"High_Nitrogen"
599,"Mp339",2018,"High_Nitrogen"
600,"B73xMo17",2018,"High_Nitrogen"
601,"NC352",2018,"High_Nitrogen"
602,"Pa762",2018,"High_Nitrogen"
603,"B73xMo17",2018,"High_Nitrogen"
604,"Va85",2018,"High_Nitrogen"
605,"NC358",2018,"High_Nitrogen"
606,"F42",2018,"High_Nitrogen"
607,"W64A",2018,"High_Nitrogen"
608,"NC370",2018,"High_Nitrogen"
609,"B37xMo17",2018,"High_Nitrogen"
610,"CML341",2018,"High_Nitrogen"
611,"CML108",2018,"High_Nitrogen"
612,"CML14",2018,"High_Nitrogen"
613,"38-11",2018,"High_Nitrogen"
614,"CML228",2018,"High_Nitrogen"
615,"PHN66",2018,"High_Nitrogen"
616,"NC320",2018,"High_Nitrogen"
617,"NC222",2018,"High_Nitrogen"
618,"CML92",2018,"High_Nitrogen"
619,"B37xMo17",2018,"High_Nitrogen"
620,"E2558W",2018,"High_Nitrogen"
621,"GA209",2018,"High_Nitrogen"
622,"K4",2018,"High_Nitrogen"
623,"CML61",2018,"High_Nitrogen"
624,"NC366",2018,"High_Nitrogen"
625,"Tzi25",2018,"High_Nitrogen"
626,"Mo1W",2018,"High_Nitrogen"
627,"Ky228",2018,"High_Nitrogen"
628,"Ms71",2018,"High_Nitrogen"
629,"Tzi8",2018,"High_Nitrogen"
630,"NC340",2018,"High_Nitrogen"
631,"C49A",2018,"High_Nitrogen"
632,"A188",2018,"High_Nitrogen"
633,"A632",2018,"High_Nitrogen"
634,"A659",2018,"High_Nitrogen"
635,"A682",2018,"High_Nitrogen"
636,"B103",2018,"High_Nitrogen"
637,"A634",2018,"High_Nitrogen"
638,"B73xMo17",2018,"High_Nitrogen"
639,"Mo47",2018,"High_Nitrogen"
640,"CM37",2018,"High_Nitrogen"
641,"CM7",2018,"High_Nitrogen"
642,"CM105",2018,"High_Nitrogen"
643,"H99",2018,"High_Nitrogen"
644,"CO106",2018,"High_Nitrogen"
645,"N192",2018,"High_Nitrogen"
646,"CMV3",2018,"High_Nitrogen"
647,"792",2018,"High_Nitrogen"
648,"W153R",2018,"High_Nitrogen"
649,"B73xMo17",2018,"High_Nitrogen"
650,"Va59",2018,"High_Nitrogen"
651,"LH38",2018,"High_Nitrogen"
652,"Va35",2018,"High_Nitrogen"
653,"PHP55",2018,"High_Nitrogen"
654,"Oh43",2018,"High_Nitrogen"
655,"B14A",2018,"High_Nitrogen"
656,"B73",2018,"High_Nitrogen"
657,"B164",2018,"High_Nitrogen"
658,"ICI 193",2018,"High_Nitrogen"
659,"B68",2018,"High_Nitrogen"
660,"Os426",2018,"High_Nitrogen"
661,"B77",2018,"High_Nitrogen"
662,"A679",2018,"High_Nitrogen"
663,"H91",2018,"High_Nitrogen"
664,"NC310",2018,"High_Nitrogen"
665,"L317",2018,"High_Nitrogen"
666,"NC328",2018,"High_Nitrogen"
667,"CML103",2018,"High_Nitrogen"
668,"Il14H",2018,"High_Nitrogen"
669,"Mo45",2018,"High_Nitrogen"
670,"NC258",2018,"High_Nitrogen"
671,"Va26",2018,"High_Nitrogen"
672,"Va99",2018,"High_Nitrogen"
673,"R229",2018,"High_Nitrogen"
674,"Os420",2018,"High_Nitrogen"
675,"B37xMo17",2018,"High_Nitrogen"
676,"Va22",2018,"High_Nitrogen"
677,"Wf9",2018,"High_Nitrogen"
678,"33-16",2018,"High_Nitrogen"
679,"2MA22",2018,"High_Nitrogen"
680,"B37xMo17",2018,"High_Nitrogen"
681,"A635",2018,"High_Nitrogen"
682,"B64",2018,"High_Nitrogen"
683,"A556",2018,"High_Nitrogen"
684,"B76",2018,"High_Nitrogen"
685,"C123",2018,"High_Nitrogen"
686,"A554",2018,"High_Nitrogen"
687,"CO125",2018,"High_Nitrogen"
688,"LH51",2018,"High_Nitrogen"
689,"LH39",2018,"High_Nitrogen"
690,"PHT10",2018,"High_Nitrogen"
691,"EP1",2018,"High_Nitrogen"
692,"F7",2018,"High_Nitrogen"
693,"M14",2018,"High_Nitrogen"
694,"CM174",2018,"High_Nitrogen"
695,"R168",2018,"High_Nitrogen"
696,"ND246",2018,"High_Nitrogen"
697,"N6",2018,"High_Nitrogen"
698,"NC292",2018,"High_Nitrogen"
699,"W182B",2018,"High_Nitrogen"
700,"NC312",2018,"High_Nitrogen"
701,"Oh43E",2018,"High_Nitrogen"
702,"NC308",2018,"High_Nitrogen"
703,"CI3A",2018,"High_Nitrogen"
704,"A680",2018,"High_Nitrogen"
705,"WIL500",2018,"High_Nitrogen"
706,"B109",2018,"High_Nitrogen"
707,"B46",2018,"High_Nitrogen"
708,"4226",2018,"High_Nitrogen"
709,"B37",2018,"High_Nitrogen"
710,"B73Htrhm",2018,"High_Nitrogen"
711,"NC260",2018,"High_Nitrogen"
712,"NC326",2018,"High_Nitrogen"
713,"NC306",2018,"High_Nitrogen"
714,"DE811",2018,"High_Nitrogen"
715,"NC294",2018,"High_Nitrogen"
716,"B37xMo17",2018,"High_Nitrogen"
717,"LH127",2018,"High_Nitrogen"
718,"Mo17",2018,"High_Nitrogen"
719,"T8",2018,"High_Nitrogen"
720,"SD40",2018,"High_Nitrogen"
721,"CO109",2018,"High_Nitrogen"
722,"H100",2018,"High_Nitrogen"
723,"NC368",2018,"High_Nitrogen"
724,"DE2",2018,"High_Nitrogen"
725,"DJ7",2018,"High_Nitrogen"
726,"NC364",2018,"High_Nitrogen"
727,"A661",2018,"High_Nitrogen"
728,"A239",2018,"High_Nitrogen"
729,"MBWZ",2018,"High_Nitrogen"
730,"A654",2018,"High_Nitrogen"
731,"NS701",2018,"High_Nitrogen"
732,"CH9",2018,"High_Nitrogen"
733,"B75",2018,"High_Nitrogen"
734,"A619",2018,"High_Nitrogen"
735,"B37xMo17",2018,"High_Nitrogen"
736,"MS153",2018,"High_Nitrogen"
737,"Mt42",2018,"High_Nitrogen"
738,"H105W",2018,"High_Nitrogen"
739,"B73xMo17",2018,"High_Nitrogen"
740,"MS1334",2018,"High_Nitrogen"
741,"CO255",2018,"High_Nitrogen"
742,"MEF156-55-2",2018,"High_Nitrogen"
743,"NC332",2018,"High_Nitrogen"
744,"NC330",2018,"High_Nitrogen"
745,"Yu796_NS",2018,"High_Nitrogen"
746,"NC262",2018,"High_Nitrogen"
747,"B37xMo17",2018,"High_Nitrogen"
748,"SD44",2018,"High_Nitrogen"
749,"VaW6",2018,"High_Nitrogen"
750,"CI64",2018,"High_Nitrogen"
751,"B97",2018,"High_Nitrogen"
752,"B52",2018,"High_Nitrogen"
753,"B84",2018,"High_Nitrogen"
754,"CH701-30",2018,"High_Nitrogen"
755,"B73xMo17",2018,"High_Nitrogen"
756,"B37xMo17",2018,"High_Nitrogen"
757,"4722",2018,"High_Nitrogen"
758,"NC342",2018,"High_Nitrogen"
759,"MM_roothairless",2018,"High_Nitrogen"
760,"B73xMo17",2018,"High_Nitrogen"
761,"NC344",2018,"High_Nitrogen"
762,"Mo44",2018,"High_Nitrogen"
763,"NC348",2018,"High_Nitrogen"
764,"I198",2018,"High_Nitrogen"
765,"M37W",2018,"High_Nitrogen"
766,"R177",2018,"High_Nitrogen"
767,"B73xMo17",2018,"High_Nitrogen"
768,"Pa880",2018,"High_Nitrogen"
769,"C49",2018,"High_Nitrogen"
770,"F2",2018,"High_Nitrogen"
771,"PHTM9",2018,"High_Nitrogen"
772,"AQA3",2018,"High_Nitrogen"
773,"Oh40B",2018,"High_Nitrogen"
774,"A641",2019,"High_Nitrogen"
775,"A654",2019,"High_Nitrogen"
776,"A239",2019,"High_Nitrogen"
777,"A682",2019,"High_Nitrogen"
778,"C123",2019,"High_Nitrogen"
779,"A554",2019,"High_Nitrogen"
780,"EP1",2019,"High_Nitrogen"
781,"Check",2019,"High_Nitrogen"
782,"F7",2019,"High_Nitrogen"
783,"I29",2019,"High_Nitrogen"
784,"CO106",2019,"High_Nitrogen"
785,"MS153",2019,"High_Nitrogen"
786,"Mt42",2019,"High_Nitrogen"
787,"NC262",2019,"High_Nitrogen"
788,"N192",2019,"High_Nitrogen"
789,"Va59",2019,"High_Nitrogen"
790,"NC292",2019,"High_Nitrogen"
791,"SD44",2019,"High_Nitrogen"
792,"W182B",2019,"High_Nitrogen"
793,"Check",2019,"High_Nitrogen"
794,"CI31A",2019,"High_Nitrogen"
795,"DE1",2019,"High_Nitrogen"
796,"Check",2019,"High_Nitrogen"
797,"A635",2019,"High_Nitrogen"
798,"Check",2019,"High_Nitrogen"
799,"C103",2019,"High_Nitrogen"
800,"F2834T",2019,"High_Nitrogen"
801,"Check",2019,"High_Nitrogen"
802,"Ki44",2019,"High_Nitrogen"
803,"NC290A",2019,"High_Nitrogen"
804,"NC264",2019,"High_Nitrogen"
805,"Check",2019,"High_Nitrogen"
806,"NC352",2019,"High_Nitrogen"
807,"NC302",2019,"High_Nitrogen"
808,"W22",2019,"High_Nitrogen"
809,"Check",2019,"High_Nitrogen"
810,"Check",2019,"High_Nitrogen"
811,"W64A",2019,"High_Nitrogen"
812,"Check",2019,"High_Nitrogen"
813,"NC370",2019,"High_Nitrogen"
814,"SA24",2019,"High_Nitrogen"
815,"CM174",2019,"High_Nitrogen"
816,"B75",2019,"High_Nitrogen"
817,"A188",2019,"High_Nitrogen"
818,"B103",2019,"High_Nitrogen"
819,"Check",2019,"High_Nitrogen"
820,"A619",2019,"High_Nitrogen"
821,"C49A",2019,"High_Nitrogen"
822,"MEF156-55-2",2019,"High_Nitrogen"
823,"CM37",2019,"High_Nitrogen"
824,"Ia5125",2019,"High_Nitrogen"
825,"CMV3",2019,"High_Nitrogen"
826,"IDS91",2019,"High_Nitrogen"
827,"CO255",2019,"High_Nitrogen"
828,"CM7",2019,"High_Nitrogen"
829,"NC316",2019,"High_Nitrogen"
830,"Check",2019,"High_Nitrogen"
831,"W153R",2019,"High_Nitrogen"
832,"NC332",2019,"High_Nitrogen"
833,"Oh43",2019,"High_Nitrogen"
834,"Check",2019,"High_Nitrogen"
835,"R168",2019,"High_Nitrogen"
836,"CML220",2019,"High_Nitrogen"
837,"B79",2019,"High_Nitrogen"
838,"HP301",2019,"High_Nitrogen"
839,"Il677a",2019,"High_Nitrogen"
840,"CML154Q",2019,"High_Nitrogen"
841,"B104",2019,"High_Nitrogen"
842,"H95",2019,"High_Nitrogen"
843,"NC230",2019,"High_Nitrogen"
844,"NC236",2019,"High_Nitrogen"
845,"N6",2019,"High_Nitrogen"
846,"N7A",2019,"High_Nitrogen"
847,"NC336",2019,"High_Nitrogen"
848,"NC324",2019,"High_Nitrogen"
849,"NC358",2019,"High_Nitrogen"
850,"Pa762",2019,"High_Nitrogen"
851,"Oh7B",2019,"High_Nitrogen"
852,"Va102",2019,"High_Nitrogen"
853,"W117HT",2019,"High_Nitrogen"
854,"Oh603",2019,"High_Nitrogen"
855,"Oh43E",2019,"High_Nitrogen"
856,"Pa875",2019,"High_Nitrogen"
857,"A661",2019,"High_Nitrogen"
858,"A634",2019,"High_Nitrogen"
859,"CM105",2019,"High_Nitrogen"
860,"A659",2019,"High_Nitrogen"
861,"CH9",2019,"High_Nitrogen"
862,"B64",2019,"High_Nitrogen"
863,"A556",2019,"High_Nitrogen"
864,"M14",2019,"High_Nitrogen"
865,"IA2132",2019,"High_Nitrogen"
866,"H105W",2019,"High_Nitrogen"
867,"H99",2019,"High_Nitrogen"
868,"MS1334",2019,"High_Nitrogen"
869,"Mo47",2019,"High_Nitrogen"
870,"CO125",2019,"High_Nitrogen"
871,"NC330",2019,"High_Nitrogen"
872,"NC334",2019,"High_Nitrogen"
873,"P39",2019,"High_Nitrogen"
874,"NC312",2019,"High_Nitrogen"
875,"NC308",2019,"High_Nitrogen"
876,"NC268",2019,"High_Nitrogen"
877,"ND246",2019,"High_Nitrogen"
878,"CML323",2019,"High_Nitrogen"
879,"CI187-2",2019,"High_Nitrogen"
880,"CI90C",2019,"High_Nitrogen"
881,"B105",2019,"High_Nitrogen"
882,"K55",2019,"High_Nitrogen"
883,"B57",2019,"High_Nitrogen"
884,"H84",2019,"High_Nitrogen"
885,"Mp339",2019,"High_Nitrogen"
886,"NC232",2019,"High_Nitrogen"
887,"Ki11",2019,"High_Nitrogen"
888,"Mo46",2019,"High_Nitrogen"
889,"NC356",2019,"High_Nitrogen"
890,"N28Ht",2019,"High_Nitrogen"
891,"NC250",2019,"High_Nitrogen"
892,"Va35",2019,"High_Nitrogen"
893,"W401",2019,"High_Nitrogen"
894,"SG18",2019,"High_Nitrogen"
895,"T234",2019,"High_Nitrogen"
896,"VaW6",2019,"High_Nitrogen"
897,"SC357",2019,"High_Nitrogen"
898,"NC372",2019,"High_Nitrogen"
899,"38-11",2019,"High_Nitrogen"
900,"CML158Q",2019,"High_Nitrogen"
901,"CML108",2019,"High_Nitrogen"
902,"Check",2019,"High_Nitrogen"
903,"Check",2019,"High_Nitrogen"
904,"Check",2019,"High_Nitrogen"
905,"CML254",2019,"High_Nitrogen"
906,"NC338",2019,"High_Nitrogen"
907,"NC346",2019,"High_Nitrogen"
908,"NC348",2019,"High_Nitrogen"
909,"E2558W",2019,"High_Nitrogen"
910,"Check",2019,"High_Nitrogen"
911,"NC320",2019,"High_Nitrogen"
912,"DE811",2019,"High_Nitrogen"
913,"KUI2021",2019,"High_Nitrogen"
914,"Check",2019,"High_Nitrogen"
915,"Tzi25",2019,"High_Nitrogen"
916,"Check",2019,"High_Nitrogen"
917,"Tzi8",2019,"High_Nitrogen"
918,"Ill.Hy",2019,"High_Nitrogen"
919,"Pa91",2019,"High_Nitrogen"
920,"A679",2019,"High_Nitrogen"
921,"B46",2019,"High_Nitrogen"
922,"H91",2019,"High_Nitrogen"
923,"B14A",2019,"High_Nitrogen"
924,"A680",2019,"High_Nitrogen"
925,"B73",2019,"High_Nitrogen"
926,"4226",2019,"High_Nitrogen"
927,"Check",2019,"High_Nitrogen"
928,"NC294",2019,"High_Nitrogen"
929,"NC260",2019,"High_Nitrogen"
930,"NC362",2019,"High_Nitrogen"
931,"Pa880",2019,"High_Nitrogen"
932,"R177",2019,"High_Nitrogen"
933,"Mo17",2019,"High_Nitrogen"
934,"CI44",2019,"High_Nitrogen"
935,"Check",2019,"High_Nitrogen"
936,"A214NGoodman-Buckler",2019,"High_Nitrogen"
937,"CO109",2019,"High_Nitrogen"
938,"38-11Goodman-Buckler",2019,"High_Nitrogen"
939,"C49",2019,"High_Nitrogen"
940,"T8",2019,"High_Nitrogen"
941,"CML314",2019,"High_Nitrogen"
942,"Check",2019,"High_Nitrogen"
943,"CML103",2019,"High_Nitrogen"
944,"Check",2019,"High_Nitrogen"
945,"CML261",2019,"High_Nitrogen"
946,"4722",2019,"High_Nitrogen"
947,"M162W",2019,"High_Nitrogen"
948,"M37W",2019,"High_Nitrogen"
949,"NC318",2019,"High_Nitrogen"
950,"GA209",2019,"High_Nitrogen"
951,"CML69",2019,"High_Nitrogen"
952,"NC258",2019,"High_Nitrogen"
953,"F44",2019,"High_Nitrogen"
954,"SC55",2019,"High_Nitrogen"
955,"F2",2019,"High_Nitrogen"
956,"Il101T",2019,"High_Nitrogen"
957,"DE2",2019,"High_Nitrogen"
958,"Tx601",2019,"High_Nitrogen"
959,"Check",2019,"High_Nitrogen"
960,"T232",2019,"High_Nitrogen"
961,"B97",2019,"High_Nitrogen"
962,"B2",2019,"High_Nitrogen"
963,"B77",2019,"High_Nitrogen"
964,"CI3A",2019,"High_Nitrogen"
965,"B37",2019,"High_Nitrogen"
966,"CI64",2019,"High_Nitrogen"
967,"B109",2019,"High_Nitrogen"
968,"NC342",2019,"High_Nitrogen"
969,"L317",2019,"High_Nitrogen"
970,"Mo44",2019,"High_Nitrogen"
971,"Mo45",2019,"High_Nitrogen"
972,"NC368",2019,"High_Nitrogen"
973,"Oh40B",2019,"High_Nitrogen"
974,"NC310",2019,"High_Nitrogen"
975,"Wf9",2019,"High_Nitrogen"
976,"Sg1533",2019,"High_Nitrogen"
977,"33-16",2019,"High_Nitrogen"
978,"R229",2019,"High_Nitrogen"
979,"Yu796_NS",2019,"High_Nitrogen"
980,"Va85",2019,"High_Nitrogen"
981,"Check",2019,"High_Nitrogen"
982,"CML277",2019,"High_Nitrogen"
983,"A214N",2019,"High_Nitrogen"
984,"B68",2019,"High_Nitrogen"
985,"CML322",2019,"High_Nitrogen"
986,"CML333",2019,"High_Nitrogen"
987,"CML10",2019,"High_Nitrogen"
988,"CML52",2019,"High_Nitrogen"
989,"Mo24W",2019,"High_Nitrogen"
990,"Check",2019,"High_Nitrogen"
991,"NC222",2019,"High_Nitrogen"
992,"NC296",2019,"High_Nitrogen"
993,"K4",2019,"High_Nitrogen"
994,"Check",2019,"High_Nitrogen"
995,"K64",2019,"High_Nitrogen"
996,"Tzi10",2019,"High_Nitrogen"
997,"NC366",2019,"High_Nitrogen"
998,"Tzi11",2019,"High_Nitrogen"
999,"Ky226",2019,"High_Nitrogen"
1000,"Mo1W",2019,"High_Nitrogen"
1001,"H100",2019,"High_Nitrogen"
1002,"Tzi18",2019,"High_Nitrogen"
1003,"B73Htrhm",2019,"High_Nitrogen"
1004,"CH701-30",2019,"High_Nitrogen"
1005,"IDS28",2019,"High_Nitrogen"
1006,"Check",2019,"High_Nitrogen"
1007,"B84",2019,"High_Nitrogen"
1008,"A632",2019,"High_Nitrogen"
1009,"B164",2019,"High_Nitrogen"
1010,"NC306",2019,"High_Nitrogen"
1011,"Os420",2019,"High_Nitrogen"
1012,"NC364",2019,"High_Nitrogen"
1013,"NC328",2019,"High_Nitrogen"
1014,"NC326",2019,"High_Nitrogen"
1015,"Il14H",2019,"High_Nitrogen"
1016,"NC344",2019,"High_Nitrogen"
1017,"Va22",2019,"High_Nitrogen"
1018,"CI90CGoodman-Buckler",2019,"High_Nitrogen"
1019,"SD40",2019,"High_Nitrogen"
1020,"CI7Goodman-Buckler",2019,"High_Nitrogen"
1021,"R4",2019,"High_Nitrogen"
1022,"Va99",2019,"High_Nitrogen"
1023,"A214N",2019,"Low_Nitrogen"
1024,"B10",2019,"Low_Nitrogen"
1025,"CML103",2019,"Low_Nitrogen"
1026,"CML277",2019,"Low_Nitrogen"
1027,"Check",2019,"Low_Nitrogen"
1028,"38-11",2019,"Low_Nitrogen"
1029,"Check",2019,"Low_Nitrogen"
1030,"Check",2019,"Low_Nitrogen"
1031,"NC320",2019,"Low_Nitrogen"
1032,"Check",2019,"Low_Nitrogen"
1033,"F44",2019,"Low_Nitrogen"
1034,"M162W",2019,"Low_Nitrogen"
1035,"CML69",2019,"Low_Nitrogen"
1036,"DE811",2019,"Low_Nitrogen"
1037,"H100",2019,"Low_Nitrogen"
1038,"Mo1W",2019,"Low_Nitrogen"
1039,"Tzi18",2019,"Low_Nitrogen"
1040,"Tzi8",2019,"Low_Nitrogen"
1041,"Check",2019,"Low_Nitrogen"
1042,"Ill.Hy",2019,"Low_Nitrogen"
1043,"F2",2019,"Low_Nitrogen"
1044,"A188",2019,"Low_Nitrogen"
1045,"CH9",2019,"Low_Nitrogen"
1046,"A682",2019,"Low_Nitrogen"
1047,"Check",2019,"Low_Nitrogen"
1048,"A641",2019,"Low_Nitrogen"
1049,"A556",2019,"Low_Nitrogen"
1050,"CM105",2019,"Low_Nitrogen"
1051,"MEF156-55-2",2019,"Low_Nitrogen"
1052,"Mt42",2019,"Low_Nitrogen"
1053,"Mo47",2019,"Low_Nitrogen"
1054,"Check",2019,"Low_Nitrogen"
1055,"H99",2019,"Low_Nitrogen"
1056,"H105W",2019,"Low_Nitrogen"
1057,"Check",2019,"Low_Nitrogen"
1058,"NC268",2019,"Low_Nitrogen"
1059,"NC332",2019,"Low_Nitrogen"
1060,"W153R",2019,"Low_Nitrogen"
1061,"ND246",2019,"Low_Nitrogen"
1062,"P39",2019,"Low_Nitrogen"
1063,"Va59",2019,"Low_Nitrogen"
1064,"SD44",2019,"Low_Nitrogen"
1065,"CML108",2019,"Low_Nitrogen"
1066,"Check",2019,"Low_Nitrogen"
1067,"Check",2019,"Low_Nitrogen"
1068,"Check",2019,"Low_Nitrogen"
1069,"Check",2019,"Low_Nitrogen"
1070,"B68",2019,"Low_Nitrogen"
1071,"Check",2019,"Low_Nitrogen"
1072,"NC340",2019,"Low_Nitrogen"
1073,"NC346",2019,"Low_Nitrogen"
1074,"NC318",2019,"Low_Nitrogen"
1075,"GA209",2019,"Low_Nitrogen"
1076,"M37W",2019,"Low_Nitrogen"
1077,"NC338",2019,"Low_Nitrogen"
1078,"K64",2019,"Low_Nitrogen"
1079,"Pa91",2019,"Low_Nitrogen"
1080,"T232",2019,"Low_Nitrogen"
1081,"Check",2019,"Low_Nitrogen"
1082,"Tzi25",2019,"Low_Nitrogen"
1083,"DE2",2019,"Low_Nitrogen"
1084,"Il101T",2019,"Low_Nitrogen"
1085,"KUI2021",2019,"Low_Nitrogen"
1086,"C49A",2019,"Low_Nitrogen"
1087,"A661",2019,"Low_Nitrogen"
1088,"B75",2019,"Low_Nitrogen"
1089,"A619",2019,"Low_Nitrogen"
1090,"B103",2019,"Low_Nitrogen"
1091,"A659",2019,"Low_Nitrogen"
1092,"A554",2019,"Low_Nitrogen"
1093,"CO125",2019,"Low_Nitrogen"
1094,"I29",2019,"Low_Nitrogen"
1095,"CM37",2019,"Low_Nitrogen"
1096,"MS1334",2019,"Low_Nitrogen"
1097,"EP1",2019,"Low_Nitrogen"
1098,"CO255",2019,"Low_Nitrogen"
1099,"IDS91",2019,"Low_Nitrogen"
1100,"NC312",2019,"Low_Nitrogen"
1101,"Check",2019,"Low_Nitrogen"
1102,"W182B",2019,"Low_Nitrogen"
1103,"Oh43",2019,"Low_Nitrogen"
1104,"NC316",2019,"Low_Nitrogen"
1105,"NC292",2019,"Low_Nitrogen"
1106,"NC334",2019,"Low_Nitrogen"
1107,"4722",2019,"Low_Nitrogen"
1108,"Check",2019,"Low_Nitrogen"
1109,"CML322",2019,"Low_Nitrogen"
1110,"CML333",2019,"Low_Nitrogen"
1111,"CML158Q",2019,"Low_Nitrogen"
1112,"Check",2019,"Low_Nitrogen"
1113,"CML218",2019,"Low_Nitrogen"
1114,"NC348",2019,"Low_Nitrogen"
1115,"NC258",2019,"Low_Nitrogen"
1116,"NC296",2019,"Low_Nitrogen"
1117,"K4",2019,"Low_Nitrogen"
1118,"Mo24W",2019,"Low_Nitrogen"
1119,"E2558W",2019,"Low_Nitrogen"
1120,"NC222",2019,"Low_Nitrogen"
1121,"Ky226",2019,"Low_Nitrogen"
1122,"Check",2019,"Low_Nitrogen"
1123,"Tzi9",2019,"Low_Nitrogen"
1124,"SC55",2019,"Low_Nitrogen"
1125,"Tzi11",2019,"Low_Nitrogen"
1126,"NC366",2019,"Low_Nitrogen"
1127,"Check",2019,"Low_Nitrogen"
1128,"A239",2019,"Low_Nitrogen"
1129,"CM174",2019,"Low_Nitrogen"
1130,"B76",2019,"Low_Nitrogen"
1131,"A654",2019,"Low_Nitrogen"
1132,"B64",2019,"Low_Nitrogen"
1133,"A634",2019,"Low_Nitrogen"
1134,"MS153",2019,"Low_Nitrogen"
1135,"F7",2019,"Low_Nitrogen"
1136,"CO106",2019,"Low_Nitrogen"
1137,"CMV3",2019,"Low_Nitrogen"
1138,"M14",2019,"Low_Nitrogen"
1139,"IA2132",2019,"Low_Nitrogen"
1140,"CM7",2019,"Low_Nitrogen"
1141,"NC262",2019,"Low_Nitrogen"
1142,"Check",2019,"Low_Nitrogen"
1143,"R168",2019,"Low_Nitrogen"
1144,"NC308",2019,"Low_Nitrogen"
1145,"N192",2019,"Low_Nitrogen"
1146,"NC330",2019,"Low_Nitrogen"
1147,"Check",2019,"Low_Nitrogen"
1148,"A635",2019,"Low_Nitrogen"
1149,"Check",2019,"Low_Nitrogen"
1150,"CI187-2",2019,"Low_Nitrogen"
1151,"CML220",2019,"Low_Nitrogen"
1152,"B79",2019,"Low_Nitrogen"
1153,"CML154Q",2019,"Low_Nitrogen"
1154,"F2834T",2019,"Low_Nitrogen"
1155,"Check",2019,"Low_Nitrogen"
1156,"NC336",2019,"Low_Nitrogen"
1157,"NC232",2019,"Low_Nitrogen"
1158,"N6",2019,"Low_Nitrogen"
1159,"Mo46",2019,"Low_Nitrogen"
1160,"NC302",2019,"Low_Nitrogen"
1161,"N7A",2019,"Low_Nitrogen"
1162,"Oh43E",2019,"Low_Nitrogen"
1163,"Oh7B",2019,"Low_Nitrogen"
1164,"Pa762",2019,"Low_Nitrogen"
1165,"Va35",2019,"Low_Nitrogen"
1166,"W64A",2019,"Low_Nitrogen"
1167,"SA24",2019,"Low_Nitrogen"
1168,"Check",2019,"Low_Nitrogen"
1169,"B97",2019,"Low_Nitrogen"
1170,"4226",2019,"Low_Nitrogen"
1171,"B37",2019,"Low_Nitrogen"
1172,"B46",2019,"Low_Nitrogen"
1173,"B84",2019,"Low_Nitrogen"
1174,"B109",2019,"Low_Nitrogen"
1175,"B73Htrhm",2019,"Low_Nitrogen"
1176,"R177",2019,"Low_Nitrogen"
1177,"Os420",2019,"Low_Nitrogen"
1178,"NC326",2019,"Low_Nitrogen"
1179,"NC294",2019,"Low_Nitrogen"
1180,"NC368",2019,"Low_Nitrogen"
1181,"Il14H",2019,"Low_Nitrogen"
1182,"Oh40B",2019,"Low_Nitrogen"
1183,"Sg1533",2019,"Low_Nitrogen"
1184,"C49",2019,"Low_Nitrogen"
1185,"Va26",2019,"Low_Nitrogen"
1186,"Check",2019,"Low_Nitrogen"
1187,"Va99",2019,"Low_Nitrogen"
1188,"Yu796_NS",2019,"Low_Nitrogen"
1189,"T8",2019,"Low_Nitrogen"
1190,"HP301",2019,"Low_Nitrogen"
1191,"B57",2019,"Low_Nitrogen"
1192,"B104",2019,"Low_Nitrogen"
1193,"K55",2019,"Low_Nitrogen"
1194,"Check",2019,"Low_Nitrogen"
1195,"Check",2019,"Low_Nitrogen"
1196,"CI31A",2019,"Low_Nitrogen"
1197,"NC352",2019,"Low_Nitrogen"
1198,"Check",2019,"Low_Nitrogen"
1199,"NC264",2019,"Low_Nitrogen"
1200,"N28Ht",2019,"Low_Nitrogen"
1201,"Mp339",2019,"Low_Nitrogen"
1202,"NC290A",2019,"Low_Nitrogen"
1203,"NC250",2019,"Low_Nitrogen"
1204,"VaW6",2019,"Low_Nitrogen"
1205,"SC357",2019,"Low_Nitrogen"
1206,"Pa875",2019,"Low_Nitrogen"
1207,"NC370",2019,"Low_Nitrogen"
1208,"Check",2019,"Low_Nitrogen"
1209,"W117HT",2019,"Low_Nitrogen"
1210,"Va102",2019,"Low_Nitrogen"
1211,"A632",2019,"Low_Nitrogen"
1212,"Check",2019,"Low_Nitrogen"
1213,"CH701-30",2019,"Low_Nitrogen"
1214,"B14A",2019,"Low_Nitrogen"
1215,"B77",2019,"Low_Nitrogen"
1216,"IDS28",2019,"Low_Nitrogen"
1217,"A680",2019,"Low_Nitrogen"
1218,"Mo44",2019,"Low_Nitrogen"
1219,"NC306",2019,"Low_Nitrogen"
1220,"Check",2019,"Low_Nitrogen"
1221,"Pa880",2019,"Low_Nitrogen"
1222,"NC364",2019,"Low_Nitrogen"
1223,"NC344",2019,"Low_Nitrogen"
1224,"L317",2019,"Low_Nitrogen"
1225,"Va22",2019,"Low_Nitrogen"
1226,"R4",2019,"Low_Nitrogen"
1227,"38-11Goodman-Buckler",2019,"Low_Nitrogen"
1228,"CI44",2019,"Low_Nitrogen"
1229,"CI90CGoodman-Buckler",2019,"Low_Nitrogen"
1230,"CI7Goodman-Buckler",2019,"Low_Nitrogen"
1231,"Check",2019,"Low_Nitrogen"
1232,"CML323",2019,"Low_Nitrogen"
1233,"DE1",2019,"Low_Nitrogen"
1234,"Il677a",2019,"Low_Nitrogen"
1235,"CI90C",2019,"Low_Nitrogen"
1236,"H84",2019,"Low_Nitrogen"
1237,"H95",2019,"Low_Nitrogen"
1238,"B105",2019,"Low_Nitrogen"
1239,"NC324",2019,"Low_Nitrogen"
1240,"Ki44",2019,"Low_Nitrogen"
1241,"Check",2019,"Low_Nitrogen"
1242,"NC358",2019,"Low_Nitrogen"
1243,"NC356",2019,"Low_Nitrogen"
1244,"Check",2019,"Low_Nitrogen"
1245,"NC230",2019,"Low_Nitrogen"
1246,"W22",2019,"Low_Nitrogen"
1247,"NC372",2019,"Low_Nitrogen"
1248,"Oh603",2019,"Low_Nitrogen"
1249,"W401",2019,"Low_Nitrogen"
1250,"NC360",2019,"Low_Nitrogen"
1251,"T234",2019,"Low_Nitrogen"
1252,"SG18",2019,"Low_Nitrogen"
1253,"H91",2019,"Low_Nitrogen"
1254,"B164",2019,"Low_Nitrogen"
1255,"B73",2019,"Low_Nitrogen"
1256,"Check",2019,"Low_Nitrogen"
1257,"Check",2019,"Low_Nitrogen"
1258,"A679",2019,"Low_Nitrogen"
1259,"NC342",2019,"Low_Nitrogen"
1260,"Mo17",2019,"Low_Nitrogen"
1261,"NC362",2019,"Low_Nitrogen"
1262,"NC328",2019,"Low_Nitrogen"
1263,"NC310",2019,"Low_Nitrogen"
1264,"Mo45",2019,"Low_Nitrogen"
1265,"Wf9",2019,"Low_Nitrogen"
1266,"SD40",2019,"Low_Nitrogen"
1267,"CO109",2019,"Low_Nitrogen"
1268,"33-16",2019,"Low_Nitrogen"
1269,"A214NGoodman-Buckler",2019,"Low_Nitrogen"
1270,"R229",2019,"Low_Nitrogen"
1271,"Va85",2019,"Low_Nitrogen"
